Column1,Column2,Column3,Column4,Column5,Column6,Column7,Column8
0.19,0.002,0.171,0.00309,1.02,0.256,0.815,0.216
0.378,0.00557,0.318,0.00986,1.78,0.571,1.33,0.267
0.109,0.00186,0.107,0.00366,0.686,0.188,0.591,0.372
0.221,0.00303,0.225,0.00668,-1.7,0.5,-2.05,0.363
