Column1,Column2,Column3,Column4,Column5,Column6,Column7,Column8
0.19,0.00205,0.171,0.00322,1.02,0.139,0.815,0.179
0.378,0.00559,0.318,0.00989,1.78,0.272,1.33,0.306
0.109,0.00187,0.107,0.00369,0.686,0.143,0.591,0.356
0.241,0.004,0.213,0.00738,-0.479,0.114,-0.608,0.0867
