HC,FC,count,logpcinc,logpcinc_std
0.0,0.0,66.0,9.339053,0.41433766
0.0,1.0,78.0,8.977458,0.27361423
1.0,0.0,3.0,9.576564,0.3866366
1.0,1.0,35.0,9.260311,0.31855646
